Python Developer,python
Frontend Developer,html
MERN Stack Developer,mongodb
Digital Marketing Specialist,seo
Data Scientist,python
DevOps Engineer,ci/cd
Cybersecurity Analyst,ethic hack
Cloud Solutions Architect,aw
Web Developer,html
Flutter Developer,dart program
Backend Developer,api design
Java Developer,java
MEAN Stack Developer,mongodb
Ruby on Rails Developer,rubi
Go Developer,
Full-Stack Developer,react
Machine Learning Engineer,pytorch
Data Engineer,etl pipelin
Business Intelligence Analyst,sql
AI Research Scientist,deep learn
Cloud Architect,multi cloud design
Software Engineer,intern develop platform
Database Administrators,sql
Ethical Hacker,penetr test
Security Engineer,siem
Cryptographer,encrypt algorithm
Network Engineer,cisco
System Administrators,linux
Embedded System Engineer,
Block Chain Developer,solid
IoT Engineer,raspberri
AR/VR Developer,unity3d
IT Project Manager,agile/scrum
